E_A#1 / keV,N_A#1,E_A#2 / keV,N_A#2,E_A#3 / keV,N_A#3,E_A#4 / keV,N_A#4,E_A#5 / keV,N_A#5,E_A#6 / keV,N_A#6,E_A#7 / keV,N_A#7,E_A#8 / keV,N_A#8
-14.0,0,-14.0,0,-14.0,0,-14.0,0,-14.0,0,-14.0,0,-14.0,0,-14.0,0
-12.2,15,-12.2,17,-12.2,31,-12.2,17,-12.2,13,-12.2,18,-12.2,13,-12.2,13
-10.5,177,-10.5,159,-10.5,163,-10.5,116,-10.5,107,-10.5,122,-10.5,106,-10.5,94
-8.7,201,-8.7,153,-8.7,167,-8.7,144,-8.7,122,-8.7,125,-8.7,119,-8.7,105
-7.0,194,-7.0,167,-7.0,141,-7.0,163,-7.0,138,-7.0,120,-7.0,123,-7.0,92
-5.2,237,-5.2,166,-5.2,182,-5.2,186,-5.2,156,-5.2,126,-5.2,123,-5.2,113
-3.5,270,-3.5,206,-3.5,193,-3.5,187,-3.5,149,-3.5,144,-3.5,132,-3.5,97
-1.7,286,-1.7,237,-1.7,192,-1.7,171,-1.7,146,-1.7,134,-1.7,140,-1.7,128
0.0,289,0.0,219,0.0,231,0.0,182,0.0,171,0.0,158,0.0,161,0.0,135
1.8,355,1.8,224,1.8,200,1.8,179,1.8,185,1.8,158,1.8,159,1.8,137
3.5,411,3.5,230,3.5,231,3.5,190,3.5,179,3.5,184,3.5,158,3.5,128
5.3,400,5.3,254,5.3,231,5.3,198,5.3,179,5.3,164,5.3,153,5.3,152
7.0,594,7.0,254,7.0,243,7.0,206,7.0,179,7.0,176,7.0,168,7.0,155
8.8,631,8.8,261,8.8,252,8.8,250,8.8,211,8.8,197,8.8,170,8.8,173
10.5,684,10.5,277,10.5,224,10.5,260,10.5,228,10.5,204,10.5,185,10.5,144
12.3,674,12.3,265,12.3,269,12.3,241,12.3,193,12.3,204,12.3,182,12.3,170
14.0,765,14.0,256,14.0,266,14.0,252,14.0,216,14.0,223,14.0,191,14.0,165
15.8,730,15.8,301,15.8,277,15.8,252,15.8,261,15.8,201,15.8,180,15.8,189
17.5,664,17.5,318,17.5,270,17.5,267,17.5,213,17.5,220,17.5,219,17.5,162
19.3,629,19.3,319,19.3,318,19.3,258,19.3,243,19.3,239,19.3,232,19.3,180
21.0,606,21.0,310,21.0,280,21.0,273,21.0,250,21.0,256,21.0,208,21.0,259
22.8,576,22.8,330,22.8,313,22.8,284,22.8,247,22.8,227,22.8,203,22.8,194
24.5,603,24.5,362,24.5,323,24.5,295,24.5,261,24.5,255,24.5,237,24.5,213
26.3,613,26.3,346,26.3,335,26.3,301,26.3,297,26.3,262,26.3,238,26.3,244
28.0,571,28.0,376,28.0,322,28.0,344,28.0,308,28.0,228,28.0,218,28.0,229
29.8,503,29.8,343,29.8,350,29.8,324,29.8,289,29.8,267,29.8,239,29.8,223
31.5,448,31.5,338,31.5,321,31.5,310,31.5,294,31.5,273,31.5,230,31.5,194
33.3,393,33.3,332,33.3,322,33.3,328,33.3,284,33.3,263,33.3,213,33.3,241
35.0,409,35.0,367,35.0,304,35.0,320,35.0,285,35.0,273,35.0,227,35.0,243
36.8,376,36.8,336,36.8,330,36.8,286,36.8,289,36.8,276,36.8,236,36.8,225
38.5,454,38.5,323,38.5,303,38.5,308,38.5,253,38.5,256,38.5,259,38.5,224
40.3,455,40.3,362,40.3,339,40.3,345,40.3,293,40.3,268,40.3,228,40.3,267
42.0,457,42.0,396,42.0,331,42.0,352,42.0,281,42.0,273,42.0,276,42.0,248
43.8,478,43.8,389,43.8,351,43.8,344,43.8,354,43.8,307,43.8,284,43.8,258
45.5,568,45.5,425,45.5,379,45.5,345,45.5,325,45.5,308,45.5,275,45.5,238
47.3,544,47.3,411,47.3,401,47.3,346,47.3,328,47.3,312,47.3,283,47.3,304
49.0,667,49.0,425,49.0,375,49.0,356,49.0,339,49.0,309,49.0,297,49.0,254
50.8,728,50.8,386,50.8,419,50.8,400,50.8,387,50.8,357,50.8,293,50.8,245
52.5,878,52.5,429,52.5,394,52.5,380,52.5,334,52.5,339,52.5,328,52.5,309
54.3,1090,54.3,490,54.3,413,54.3,431,54.3,434,54.3,352,54.3,340,54.3,320
56.0,1454,56.0,459,56.0,449,56.0,413,56.0,347,56.0,359,56.0,357,56.0,360
57.8,1726,57.8,524,57.8,429,57.8,428,57.8,406,57.8,388,57.8,348,57.8,359
59.5,1775,59.5,519,59.5,463,59.5,447,59.5,414,59.5,390,59.5,363,59.5,367
61.3,1684,61.3,538,61.3,498,61.3,466,61.3,422,61.3,449,61.3,361,61.3,398
63.0,1410,63.0,519,63.0,492,63.0,476,63.0,451,63.0,395,63.0,383,63.0,330
64.8,1085,64.8,533,64.8,454,64.8,479,64.8,437,64.8,425,64.8,391,64.8,405
66.5,824,66.5,529,66.5,492,66.5,486,66.5,474,66.5,423,66.5,379,66.5,404
68.3,702,68.3,546,68.3,511,68.3,526,68.3,492,68.3,468,68.3,450,68.3,411
70.0,714,70.0,602,70.0,547,70.0,542,70.0,496,70.0,483,70.0,438,70.0,431
71.8,679,71.8,587,71.8,575,71.8,488,71.8,496,71.8,465,71.8,471,71.8,434
73.5,695,73.5,587,73.5,542,73.5,544,73.5,534,73.5,463,73.5,504,73.5,457
75.3,744,75.3,624,75.3,582,75.3,586,75.3,554,75.3,512,75.3,466,75.3,470
77.0,667,77.0,579,77.0,561,77.0,547,77.0,535,77.0,522,77.0,476,77.0,489
78.8,738,78.8,601,78.8,578,78.8,605,78.8,535,78.8,514,78.8,491,78.8,474
80.5,734,80.5,596,80.5,607,80.5,607,80.5,569,80.5,478,80.5,492,80.5,471
82.3,734,82.3,612,82.3,598,82.3,587,82.3,577,82.3,506,82.3,510,82.3,500
84.0,743,84.0,645,84.0,601,84.0,603,84.0,531,84.0,515,84.0,514,84.0,499
85.8,706,85.8,691,85.8,601,85.8,625,85.8,556,85.8,521,85.8,486,85.8,523
87.5,677,87.5,650,87.5,587,87.5,577,87.5,563,87.5,568,87.5,530,87.5,503
89.3,736,89.3,619,89.3,649,89.3,608,89.3,579,89.3,507,89.3,524,89.3,493
91.0,672,91.0,579,91.0,630,91.0,614,91.0,605,91.0,562,91.0,531,91.0,457
92.8,661,92.8,622,92.8,632,92.8,562,92.8,619,92.8,545,92.8,536,92.8,475
94.5,700,94.5,654,94.5,599,94.5,563,94.5,607,94.5,561,94.5,524,94.5,528
96.3,665,96.3,601,96.3,653,96.3,617,96.3,585,96.3,568,96.3,537,96.3,529
98.0,627,98.0,635,98.0,626,98.0,640,98.0,594,98.0,570,98.0,526,98.0,499
99.8,649,99.8,663,99.8,675,99.8,598,99.8,595,99.8,538,99.8,557,99.8,537
101.5,651,101.5,684,101.5,637,101.5,574,101.5,601,101.5,570,101.5,538,101.5,515
103.3,658,103.3,586,103.3,602,103.3,644,103.3,603,103.3,555,103.3,538,103.3,536
105.0,652,105.0,601,105.0,611,105.0,626,105.0,598,105.0,607,105.0,496,105.0,521
106.8,721,106.8,623,106.8,661,106.8,599,106.8,611,106.8,550,106.8,537,106.8,534
108.5,672,108.5,656,108.5,633,108.5,637,108.5,592,108.5,619,108.5,558,108.5,565
110.3,668,110.3,651,110.3,658,110.3,606,110.3,646,110.3,579,110.3,561,110.3,517
112.1,673,112.1,697,112.1,671,112.1,639,112.1,560,112.1,592,112.1,563,112.1,528
113.8,708,113.8,658,113.8,653,113.8,641,113.8,643,113.8,585,113.8,539,113.8,512
115.6,639,115.6,635,115.6,612,115.6,657,115.6,623,115.6,575,115.6,572,115.6,535
117.3,675,117.3,674,117.3,641,117.3,651,117.3,615,117.3,586,117.3,534,117.3,557
119.1,636,119.1,647,119.1,696,119.1,650,119.1,602,119.1,588,119.1,567,119.1,566
120.8,667,120.8,622,120.8,651,120.8,644,120.8,628,120.8,647,120.8,569,120.8,536
122.6,640,122.6,649,122.6,637,122.6,664,122.6,620,122.6,561,122.6,581,122.6,562
124.3,628,124.3,664,124.3,679,124.3,721,124.3,667,124.3,613,124.3,599,124.3,574
126.1,634,126.1,649,126.1,669,126.1,636,126.1,621,126.1,577,126.1,556,126.1,590
127.8,692,127.8,673,127.8,656,127.8,690,127.8,678,127.8,605,127.8,557,127.8,536
129.6,619,129.6,642,129.6,677,129.6,672,129.6,610,129.6,645,129.6,620,129.6,546
131.3,600,131.3,632,131.3,669,131.3,716,131.3,638,131.3,634,131.3,551,131.3,525
133.1,628,133.1,628,133.1,696,133.1,638,133.1,644,133.1,624,133.1,598,133.1,521
134.8,573,134.8,666,134.8,672,134.8,691,134.8,676,134.8,605,134.8,573,134.8,541
136.6,615,136.6,664,136.6,654,136.6,645,136.6,623,136.6,614,136.6,552,136.6,537
138.3,633,138.3,661,138.3,696,138.3,688,138.3,650,138.3,578,138.3,597,138.3,524
140.1,619,140.1,634,140.1,659,140.1,692,140.1,646,140.1,607,140.1,588,140.1,521
141.8,593,141.8,646,141.8,682,141.8,626,141.8,669,141.8,614,141.8,629,141.8,549
143.6,630,143.6,582,143.6,652,143.6,653,143.6,617,143.6,588,143.6,569,143.6,546
145.3,640,145.3,614,145.3,728,145.3,687,145.3,666,145.3,579,145.3,560,145.3,522
147.1,588,147.1,606,147.1,667,147.1,643,147.1,680,147.1,595,147.1,560,147.1,513
148.8,551,148.8,659,148.8,628,148.8,664,148.8,615,148.8,579,148.8,554,148.8,527
150.6,598,150.6,634,150.6,666,150.6,632,150.6,629,150.6,593,150.6,587,150.6,544
152.3,564,152.3,585,152.3,626,152.3,620,152.3,636,152.3,618,152.3,518,152.3,546
154.1,604,154.1,633,154.1,664,154.1,648,154.1,627,154.1,614,154.1,585,154.1,520
155.8,602,155.8,651,155.8,672,155.8,708,155.8,639,155.8,637,155.8,567,155.8,557
157.6,636,157.6,631,157.6,623,157.6,699,157.6,608,157.6,637,157.6,548,157.6,546
159.3,606,159.3,653,159.3,652,159.3,672,159.3,618,159.3,598,159.3,586,159.3,476
161.1,602,161.1,627,161.1,630,161.1,670,161.1,645,161.1,590,161.1,594,161.1,498
162.8,598,162.8,636,162.8,698,162.8,652,162.8,583,162.8,590,162.8,552,162.8,522
164.6,559,164.6,635,164.6,661,164.6,656,164.6,618,164.6,580,164.6,529,164.6,527
166.3,544,166.3,579,166.3,683,166.3,662,166.3,623,166.3,580,166.3,551,166.3,506
168.1,613,168.1,639,168.1,675,168.1,629,168.1,580,168.1,576,168.1,577,168.1,496
169.8,617,169.8,662,169.8,674,169.8,669,169.8,618,169.8,595,169.8,560,169.8,506
171.6,586,171.6,663,171.6,647,171.6,602,171.6,645,171.6,560,171.6,570,171.6,515
173.3,634,173.3,660,173.3,652,173.3,637,173.3,643,173.3,578,173.3,557,173.3,508
175.1,595,175.1,635,175.1,705,175.1,630,175.1,573,175.1,581,175.1,521,175.1,490
176.8,629,176.8,663,176.8,641,176.8,678,176.8,617,176.8,625,176.8,536,176.8,551
178.6,618,178.6,640,178.6,648,178.6,704,178.6,624,178.6,601,178.6,527,178.6,536
180.3,651,180.3,662,180.3,684,180.3,714,180.3,579,180.3,585,180.3,551,180.3,539
182.1,680,182.1,635,182.1,649,182.1,681,182.1,664,182.1,611,182.1,572,182.1,533
183.8,707,183.8,713,183.8,719,183.8,651,183.8,612,183.8,579,183.8,548,183.8,554
185.6,744,185.6,761,185.6,688,185.6,703,185.6,669,185.6,645,185.6,597,185.6,499
187.3,757,187.3,754,187.3,699,187.3,719,187.3,738,187.3,570,187.3,589,187.3,519
189.1,790,189.1,757,189.1,750,189.1,695,189.1,664,189.1,621,189.1,583,189.1,539
190.8,850,190.8,752,190.8,746,190.8,673,190.8,635,190.8,600,190.8,590,190.8,534
192.6,803,192.6,810,192.6,724,192.6,707,192.6,727,192.6,631,192.6,567,192.6,501
194.3,814,194.3,740,194.3,719,194.3,722,194.3,656,194.3,657,194.3,612,194.3,524
196.1,818,196.1,779,196.1,782,196.1,681,196.1,678,196.1,631,196.1,551,196.1,520
197.8,829,197.8,791,197.8,723,197.8,678,197.8,623,197.8,621,197.8,532,197.8,537
199.6,803,199.6,763,199.6,748,199.6,722,199.6,629,199.6,593,199.6,538,199.6,505
201.3,734,201.3,726,201.3,759,201.3,703,201.3,620,201.3,532,201.3,571,201.3,475
203.1,764,203.1,696,203.1,686,203.1,655,203.1,565,203.1,537,203.1,564,203.1,500
204.8,790,204.8,723,204.8,738,204.8,634,204.8,594,204.8,603,204.8,532,204.8,460
206.6,774,206.6,699,206.6,633,206.6,574,206.6,596,206.6,566,206.6,483,206.6,451
208.3,730,208.3,741,208.3,631,208.3,636,208.3,560,208.3,578,208.3,489,208.3,448
210.1,698,210.1,621,210.1,609,210.1,576,210.1,552,210.1,504,210.1,477,210.1,421
211.8,650,211.8,645,211.8,627,211.8,547,211.8,538,211.8,543,211.8,428,211.8,439
213.6,668,213.6,634,213.6,602,213.6,568,213.6,498,213.6,474,213.6,484,213.6,429
215.3,657,215.3,612,215.3,577,215.3,556,215.3,559,215.3,476,215.3,434,215.3,407
217.1,615,217.1,626,217.1,540,217.1,548,217.1,465,217.1,473,217.1,452,217.1,389
218.8,615,218.8,604,218.8,547,218.8,535,218.8,522,218.8,458,218.8,423,218.8,395
220.6,610,220.6,556,220.6,540,220.6,542,220.6,525,220.6,403,220.6,419,220.6,375
222.3,629,222.3,556,222.3,566,222.3,525,222.3,504,222.3,461,222.3,428,222.3,383
224.1,599,224.1,541,224.1,604,224.1,556,224.1,493,224.1,485,224.1,412,224.1,412
225.8,525,225.8,556,225.8,561,225.8,529,225.8,505,225.8,400,225.8,399,225.8,398
227.6,557,227.6,545,227.6,529,227.6,524,227.6,464,227.6,429,227.6,404,227.6,342
229.3,579,229.3,525,229.3,530,229.3,482,229.3,479,229.3,413,229.3,385,229.3,366
231.1,562,231.1,566,231.1,463,231.1,487,231.1,489,231.1,396,231.1,403,231.1,341
232.8,514,232.8,508,232.8,520,232.8,473,232.8,469,232.8,429,232.8,370,232.8,380
234.6,578,234.6,532,234.6,518,234.6,490,234.6,436,234.6,418,234.6,373,234.6,393
236.3,535,236.3,501,236.3,469,236.3,457,236.3,439,236.3,431,236.3,394,236.3,361
238.1,522,238.1,476,238.1,511,238.1,462,238.1,457,238.1,410,238.1,415,238.1,380
239.8,501,239.8,473,239.8,466,239.8,453,239.8,458,239.8,369,239.8,390,239.8,338
241.6,520,241.6,505,241.6,464,241.6,448,241.6,462,241.6,446,241.6,403,241.6,357
243.3,540,243.3,451,243.3,451,243.3,420,243.3,431,243.3,443,243.3,382,243.3,362
245.1,489,245.1,436,245.1,466,245.1,418,245.1,441,245.1,379,245.1,393,245.1,329
246.8,483,246.8,455,246.8,461,246.8,410,246.8,419,246.8,388,246.8,375,246.8,354
248.6,538,248.6,487,248.6,453,248.6,445,248.6,433,248.6,384,248.6,361,248.6,355
250.3,482,250.3,462,250.3,438,250.3,463,250.3,443,250.3,398,250.3,381,250.3,348
252.1,494,252.1,462,252.1,452,252.1,435,252.1,403,252.1,401,252.1,415,252.1,329
253.8,533,253.8,433,253.8,453,253.8,401,253.8,421,253.8,380,253.8,352,253.8,321
255.6,481,255.6,450,255.6,505,255.6,412,255.6,420,255.6,374,255.6,345,255.6,320
257.3,462,257.3,442,257.3,432,257.3,397,257.3,388,257.3,351,257.3,336,257.3,323
259.1,472,259.1,471,259.1,413,259.1,413,259.1,386,259.1,358,259.1,322,259.1,360
260.8,429,260.8,422,260.8,452,260.8,416,260.8,380,260.8,373,260.8,310,260.8,316
262.6,464,262.6,436,262.6,408,262.6,409,262.6,384,262.6,345,262.6,341,262.6,313
264.3,439,264.3,436,264.3,415,264.3,383,264.3,406,264.3,322,264.3,314,264.3,320
266.1,501,266.1,449,266.1,413,266.1,413,266.1,324,266.1,379,266.1,334,266.1,279
267.8,430,267.8,415,267.8,428,267.8,416,267.8,397,267.8,346,267.8,309,267.8,301
269.6,439,269.6,440,269.6,420,269.6,391,269.6,368,269.6,383,269.6,327,269.6,315
271.3,421,271.3,421,271.3,392,271.3,372,271.3,404,271.3,317,271.3,312,271.3,331
273.1,428,273.1,411,273.1,363,273.1,428,273.1,345,273.1,321,273.1,320,273.1,296
274.8,434,274.8,385,274.8,409,274.8,374,274.8,386,274.8,320,274.8,282,274.8,295
276.6,448,276.6,424,276.6,405,276.6,396,276.6,337,276.6,325,276.6,317,276.6,269
278.3,379,278.3,418,278.3,427,278.3,371,278.3,350,278.3,338,278.3,292,278.3,270
280.1,435,280.1,421,280.1,407,280.1,385,280.1,343,280.1,340,280.1,291,280.1,262
281.8,415,281.8,423,281.8,399,281.8,359,281.8,345,281.8,323,281.8,316,281.8,271
283.6,419,283.6,450,283.6,407,283.6,380,283.6,311,283.6,280,283.6,276,283.6,262
285.3,405,285.3,393,285.3,379,285.3,385,285.3,358,285.3,330,285.3,324,285.3,285
287.1,400,287.1,435,287.1,386,287.1,350,287.1,367,287.1,361,287.1,293,287.1,269
288.8,375,288.8,375,288.8,404,288.8,350,288.8,361,288.8,334,288.8,282,288.8,260
290.6,403,290.6,377,290.6,414,290.6,347,290.6,368,290.6,326,290.6,300,290.6,264
292.3,357,292.3,380,292.3,357,292.3,401,292.3,333,292.3,319,292.3,307,292.3,257
294.1,364,294.1,423,294.1,363,294.1,366,294.1,318,294.1,289,294.1,274,294.1,261
295.8,380,295.8,390,295.8,399,295.8,370,295.8,341,295.8,339,295.8,305,295.8,271
297.6,392,297.6,388,297.6,392,297.6,366,297.6,344,297.6,316,297.6,287,297.6,240
299.3,413,299.3,428,299.3,390,299.3,439,299.3,350,299.3,336,299.3,290,299.3,268
301.1,401,301.1,349,301.1,339,301.1,417,301.1,350,301.1,303,301.1,293,301.1,265
302.8,358,302.8,406,302.8,370,302.8,344,302.8,323,302.8,305,302.8,286,302.8,229
304.6,386,304.6,404,304.6,379,304.6,335,304.6,356,304.6,268,304.6,280,304.6,256
306.3,341,306.3,387,306.3,379,306.3,350,306.3,312,306.3,357,306.3,284,306.3,262
308.1,336,308.1,359,308.1,364,308.1,353,308.1,341,308.1,321,308.1,278,308.1,246
309.8,410,309.8,382,309.8,381,309.8,379,309.8,339,309.8,290,309.8,261,309.8,245
311.6,367,311.6,367,311.6,365,311.6,363,311.6,339,311.6,308,311.6,296,311.6,247
313.3,367,313.3,347,313.3,364,313.3,370,313.3,340,313.3,296,313.3,251,313.3,239
315.1,351,315.1,353,315.1,371,315.1,339,315.1,373,315.1,328,315.1,256,315.1,238
316.8,386,316.8,364,316.8,348,316.8,322,316.8,315,316.8,254,316.8,267,316.8,254
318.6,394,318.6,406,318.6,381,318.6,343,318.6,358,318.6,289,318.6,292,318.6,261
320.3,339,320.3,389,320.3,381,320.3,345,320.3,320,320.3,288,320.3,263,320.3,257
322.1,381,322.1,380,322.1,357,322.1,328,322.1,305,322.1,293,322.1,281,322.1,219
323.8,332,323.8,394,323.8,398,323.8,340,323.8,342,323.8,270,323.8,237,323.8,230
325.6,360,325.6,391,325.6,340,325.6,352,325.6,331,325.6,275,325.6,262,325.6,245
327.3,369,327.3,368,327.3,347,327.3,343,327.3,315,327.3,265,327.3,222,327.3,214
329.1,355,329.1,346,329.1,395,329.1,327,329.1,309,329.1,277,329.1,276,329.1,248
330.8,358,330.8,390,330.8,384,330.8,311,330.8,300,330.8,293,330.8,264,330.8,234
332.6,338,332.6,403,332.6,347,332.6,319,332.6,309,332.6,275,332.6,245,332.6,265
334.3,362,334.3,374,334.3,367,334.3,327,334.3,327,334.3,262,334.3,245,334.3,234
336.1,345,336.1,355,336.1,355,336.1,354,336.1,304,336.1,291,336.1,240,336.1,234
337.8,371,337.8,352,337.8,327,337.8,335,337.8,317,337.8,273,337.8,274,337.8,238
339.6,398,339.6,380,339.6,343,339.6,339,339.6,321,339.6,268,339.6,260,339.6,247
341.3,369,341.3,365,341.3,360,341.3,306,341.3,292,341.3,274,341.3,247,341.3,211
343.1,322,343.1,346,343.1,355,343.1,343,343.1,306,343.1,270,343.1,238,343.1,223
344.8,385,344.8,338,344.8,351,344.8,311,344.8,291,344.8,275,344.8,247,344.8,252
346.6,339,346.6,338,346.6,342,346.6,322,346.6,312,346.6,283,346.6,258,346.6,229
348.3,385,348.3,365,348.3,367,348.3,317,348.3,298,348.3,281,348.3,259,348.3,224
350.1,345,350.1,335,350.1,372,350.1,332,350.1,308,350.1,270,350.1,243,350.1,238
351.8,346,351.8,368,351.8,377,351.8,331,351.8,290,351.8,259,351.8,268,351.8,229
353.6,360,353.6,353,353.6,338,353.6,321,353.6,318,353.6,246,353.6,260,353.6,230
355.3,363,355.3,379,355.3,334,355.3,346,355.3,298,355.3,305,355.3,251,355.3,228
357.1,383,357.1,339,357.1,348,357.1,312,357.1,307,357.1,257,357.1,242,357.1,211
358.8,329,358.8,380,358.8,327,358.8,287,358.8,303,358.8,263,358.8,254,358.8,214
360.6,345,360.6,398,360.6,336,360.6,329,360.6,269,360.6,298,360.6,222,360.6,231
362.4,334,362.4,384,362.4,343,362.4,287,362.4,277,362.4,247,362.4,228,362.4,218
364.1,370,364.1,360,364.1,366,364.1,326,364.1,292,364.1,269,364.1,218,364.1,228
365.9,347,365.9,387,365.9,324,365.9,340,365.9,316,365.9,288,365.9,257,365.9,209
367.6,344,367.6,336,367.6,321,367.6,285,367.6,269,367.6,259,367.6,238,367.6,211
369.4,328,369.4,355,369.4,314,369.4,340,369.4,292,369.4,267,369.4,274,369.4,243
371.1,313,371.1,333,371.1,355,371.1,283,371.1,285,371.1,281,371.1,217,371.1,216
372.9,373,372.9,347,372.9,314,372.9,290,372.9,260,372.9,258,372.9,220,372.9,216
374.6,360,374.6,330,374.6,347,374.6,296,374.6,277,374.6,272,374.6,230,374.6,191
376.4,350,376.4,327,376.4,322,376.4,296,376.4,279,376.4,241,376.4,224,376.4,201
378.1,347,378.1,335,378.1,323,378.1,319,378.1,275,378.1,280,378.1,269,378.1,204
379.9,365,379.9,370,379.9,320,379.9,312,379.9,268,379.9,251,379.9,206,379.9,231
381.6,326,381.6,361,381.6,341,381.6,317,381.6,279,381.6,252,381.6,233,381.6,237
383.4,335,383.4,358,383.4,321,383.4,294,383.4,282,383.4,252,383.4,227,383.4,200
385.1,333,385.1,351,385.1,298,385.1,293,385.1,271,385.1,237,385.1,228,385.1,204
386.9,322,386.9,352,386.9,342,386.9,283,386.9,279,386.9,262,386.9,224,386.9,192
388.6,338,388.6,366,388.6,302,388.6,279,388.6,266,388.6,220,388.6,215,388.6,206
390.4,326,390.4,350,390.4,350,390.4,343,390.4,253,390.4,229,390.4,222,390.4,172
392.1,342,392.1,314,392.1,331,392.1,285,392.1,279,392.1,227,392.1,239,392.1,202
393.9,316,393.9,320,393.9,320,393.9,270,393.9,248,393.9,229,393.9,220,393.9,183
395.6,324,395.6,320,395.6,314,395.6,288,395.6,289,395.6,236,395.6,211,395.6,217
397.4,352,397.4,347,397.4,331,397.4,292,397.4,289,397.4,207,397.4,242,397.4,193
399.1,342,399.1,300,399.1,316,399.1,284,399.1,270,399.1,249,399.1,224,399.1,175
400.9,313,400.9,348,400.9,298,400.9,293,400.9,266,400.9,255,400.9,191,400.9,197
402.6,306,402.6,345,402.6,323,402.6,286,402.6,267,402.6,230,402.6,226,402.6,177
404.4,318,404.4,318,404.4,329,404.4,297,404.4,262,404.4,259,404.4,210,404.4,195
406.1,329,406.1,340,406.1,288,406.1,285,406.1,262,406.1,227,406.1,191,406.1,194
407.9,346,407.9,324,407.9,331,407.9,262,407.9,261,407.9,250,407.9,211,407.9,191
409.6,359,409.6,324,409.6,301,409.6,314,409.6,245,409.6,205,409.6,178,409.6,168
411.4,351,411.4,296,411.4,321,411.4,304,411.4,258,411.4,231,411.4,207,411.4,176
413.1,346,413.1,313,413.1,320,413.1,295,413.1,257,413.1,240,413.1,217,413.1,181
414.9,356,414.9,321,414.9,329,414.9,293,414.9,285,414.9,225,414.9,205,414.9,174
416.6,355,416.6,329,416.6,341,416.6,291,416.6,223,416.6,238,416.6,190,416.6,181
418.4,364,418.4,325,418.4,314,418.4,277,418.4,279,418.4,253,418.4,212,418.4,191
420.1,389,420.1,312,420.1,310,420.1,299,420.1,288,420.1,234,420.1,218,420.1,181
421.9,317,421.9,341,421.9,327,421.9,282,421.9,262,421.9,229,421.9,191,421.9,168
423.6,372,423.6,369,423.6,320,423.6,263,423.6,263,423.6,210,423.6,178,423.6,157
425.4,364,425.4,326,425.4,310,425.4,257,425.4,261,425.4,260,425.4,220,425.4,173
427.1,358,427.1,340,427.1,326,427.1,275,427.1,250,427.1,219,427.1,184,427.1,146
428.9,358,428.9,353,428.9,327,428.9,262,428.9,208,428.9,198,428.9,176,428.9,161
430.6,346,430.6,339,430.6,286,430.6,256,430.6,216,430.6,217,430.6,185,430.6,185
432.4,374,432.4,368,432.4,274,432.4,300,432.4,267,432.4,210,432.4,207,432.4,155
434.1,363,434.1,319,434.1,273,434.1,273,434.1,253,434.1,231,434.1,159,434.1,177
435.9,354,435.9,327,435.9,312,435.9,236,435.9,222,435.9,216,435.9,158,435.9,176
437.6,344,437.6,298,437.6,267,437.6,298,437.6,237,437.6,199,437.6,187,437.6,160
439.4,333,439.4,333,439.4,301,439.4,306,439.4,249,439.4,203,439.4,183,439.4,209
441.1,355,441.1,330,441.1,290,441.1,278,441.1,235,441.1,235,441.1,173,441.1,158
442.9,362,442.9,368,442.9,290,442.9,264,442.9,219,442.9,213,442.9,169,442.9,152
444.6,339,444.6,314,444.6,292,444.6,288,444.6,253,444.6,196,444.6,175,444.6,151
446.4,368,446.4,360,446.4,328,446.4,258,446.4,238,446.4,186,446.4,170,446.4,173
448.1,342,448.1,328,448.1,289,448.1,271,448.1,251,448.1,228,448.1,181,448.1,162
449.9,329,449.9,313,449.9,284,449.9,256,449.9,216,449.9,185,449.9,178,449.9,173
451.6,357,451.6,342,451.6,296,451.6,243,451.6,219,451.6,205,451.6,180,451.6,159
453.4,371,453.4,300,453.4,266,453.4,248,453.4,210,453.4,197,453.4,148,453.4,146
455.1,306,455.1,325,455.1,264,455.1,226,455.1,234,455.1,191,455.1,169,455.1,174
456.9,323,456.9,310,456.9,280,456.9,256,456.9,228,456.9,198,456.9,190,456.9,128
458.6,306,458.6,291,458.6,274,458.6,260,458.6,208,458.6,190,458.6,183,458.6,140
460.4,317,460.4,271,460.4,268,460.4,232,460.4,219,460.4,234,460.4,163,460.4,141
462.1,304,462.1,281,462.1,287,462.1,246,462.1,216,462.1,189,462.1,166,462.1,124
463.9,278,463.9,292,463.9,254,463.9,263,463.9,209,463.9,203,463.9,169,463.9,164
465.6,294,465.6,256,465.6,248,465.6,228,465.6,223,465.6,164,465.6,166,465.6,147
467.4,314,467.4,240,467.4,253,467.4,233,467.4,202,467.4,181,467.4,169,467.4,131
469.1,272,469.1,253,469.1,245,469.1,221,469.1,208,469.1,157,469.1,168,469.1,120
470.9,249,470.9,243,470.9,253,470.9,233,470.9,217,470.9,170,470.9,141,470.9,130
472.6,228,472.6,240,472.6,232,472.6,226,472.6,198,472.6,164,472.6,145,472.6,146
474.4,247,474.4,225,474.4,214,474.4,201,474.4,198,474.4,149,474.4,166,474.4,111
476.1,220,476.1,244,476.1,234,476.1,217,476.1,194,476.1,148,476.1,139,476.1,135
477.9,219,477.9,212,477.9,193,477.9,171,477.9,169,477.9,170,477.9,152,477.9,123
479.6,208,479.6,216,479.6,165,479.6,167,479.6,180,479.6,147,479.6,166,479.6,134
481.4,209,481.4,209,481.4,184,481.4,180,481.4,153,481.4,160,481.4,128,481.4,109
483.1,200,483.1,191,483.1,220,483.1,176,483.1,161,483.1,166,483.1,126,483.1,104
484.9,182,484.9,180,484.9,195,484.9,172,484.9,163,484.9,138,484.9,114,484.9,126
486.6,158,486.6,185,486.6,179,486.6,173,486.6,162,486.6,140,486.6,119,486.6,111
488.4,183,488.4,157,488.4,160,488.4,189,488.4,183,488.4,161,488.4,121,488.4,110
490.1,170,490.1,194,490.1,200,490.1,167,490.1,139,490.1,146,490.1,136,490.1,131
491.9,165,491.9,166,491.9,168,491.9,200,491.9,154,491.9,163,491.9,119,491.9,114
493.6,165,493.6,175,493.6,167,493.6,165,493.6,145,493.6,135,493.6,137,493.6,113
495.4,135,495.4,159,495.4,185,495.4,172,495.4,139,495.4,114,495.4,129,495.4,110
497.1,128,497.1,140,497.1,154,497.1,156,497.1,150,497.1,147,497.1,147,497.1,122
498.9,122,498.9,170,498.9,141,498.9,152,498.9,114,498.9,129,498.9,119,498.9,103
500.6,114,500.6,150,500.6,159,500.6,151,500.6,127,500.6,124,500.6,132,500.6,110
502.4,121,502.4,148,502.4,130,502.4,140,502.4,168,502.4,134,502.4,118,502.4,110
504.1,119,504.1,155,504.1,194,504.1,144,504.1,126,504.1,120,504.1,127,504.1,97
505.9,112,505.9,153,505.9,142,505.9,143,505.9,143,505.9,137,505.9,122,505.9,106
507.6,132,507.6,162,507.6,150,507.6,132,507.6,143,507.6,127,507.6,114,507.6,108
509.4,107,509.4,136,509.4,146,509.4,153,509.4,155,509.4,132,509.4,113,509.4,98
511.1,116,511.1,154,511.1,140,511.1,117,511.1,113,511.1,105,511.1,92,511.1,113
512.9,103,512.9,152,512.9,143,512.9,143,512.9,133,512.9,121,512.9,138,512.9,89
514.6,79,514.6,141,514.6,154,514.6,149,514.6,135,514.6,128,514.6,108,514.6,112
516.4,108,516.4,116,516.4,147,516.4,154,516.4,138,516.4,113,516.4,102,516.4,99
518.1,98,518.1,139,518.1,149,518.1,141,518.1,114,518.1,123,518.1,100,518.1,109
519.9,85,519.9,125,519.9,122,519.9,145,519.9,144,519.9,106,519.9,122,519.9,86
521.6,89,521.6,126,521.6,130,521.6,133,521.6,131,521.6,127,521.6,108,521.6,108
523.4,95,523.4,131,523.4,146,523.4,131,523.4,123,523.4,114,523.4,117,523.4,83
525.1,84,525.1,114,525.1,149,525.1,122,525.1,122,525.1,90,525.1,99,525.1,84
526.9,84,526.9,121,526.9,129,526.9,147,526.9,111,526.9,107,526.9,105,526.9,108
528.6,99,528.6,104,528.6,129,528.6,128,528.6,116,528.6,108,528.6,108,528.6,103
530.4,64,530.4,106,530.4,123,530.4,113,530.4,121,530.4,112,530.4,106,530.4,98
532.1,86,532.1,118,532.1,135,532.1,120,532.1,122,532.1,107,532.1,116,532.1,86
533.9,95,533.9,105,533.9,120,533.9,127,533.9,124,533.9,119,533.9,105,533.9,96
535.6,79,535.6,111,535.6,131,535.6,115,535.6,127,535.6,109,535.6,93,535.6,106
537.4,84,537.4,109,537.4,119,537.4,129,537.4,133,537.4,132,537.4,105,537.4,108
539.1,75,539.1,113,539.1,122,539.1,101,539.1,119,539.1,116,539.1,109,539.1,90
540.9,80,540.9,99,540.9,137,540.9,117,540.9,121,540.9,103,540.9,91,540.9,94
542.6,76,542.6,114,542.6,123,542.6,130,542.6,104,542.6,107,542.6,115,542.6,92
544.4,77,544.4,89,544.4,111,544.4,122,544.4,105,544.4,110,544.4,94,544.4,84
546.1,70,546.1,91,546.1,105,546.1,135,546.1,121,546.1,90,546.1,96,546.1,77
547.9,57,547.9,105,547.9,115,547.9,131,547.9,109,547.9,111,547.9,91,547.9,76
549.6,58,549.6,95,549.6,147,549.6,116,549.6,130,549.6,114,549.6,88,549.6,77
551.4,63,551.4,92,551.4,127,551.4,119,551.4,125,551.4,108,551.4,108,551.4,101
553.1,59,553.1,104,553.1,118,553.1,132,553.1,106,553.1,112,553.1,98,553.1,90
554.9,77,554.9,93,554.9,122,554.9,119,554.9,110,554.9,107,554.9,110,554.9,64
556.6,59,556.6,102,556.6,108,556.6,99,556.6,102,556.6,115,556.6,109,556.6,75
558.4,57,558.4,112,558.4,132,558.4,108,558.4,126,558.4,102,558.4,101,558.4,78
560.1,66,560.1,99,560.1,106,560.1,126,560.1,121,560.1,89,560.1,83,560.1,81
561.9,73,561.9,93,561.9,127,561.9,125,561.9,128,561.9,118,561.9,93,561.9,81
563.6,69,563.6,102,563.6,95,563.6,113,563.6,111,563.6,108,563.6,77,563.6,80
565.4,56,565.4,72,565.4,111,565.4,109,565.4,93,565.4,99,565.4,82,565.4,98
567.1,68,567.1,96,567.1,90,567.1,127,567.1,101,567.1,106,567.1,91,567.1,84
568.9,46,568.9,86,568.9,117,568.9,94,568.9,100,568.9,113,568.9,74,568.9,93
570.6,68,570.6,84,570.6,121,570.6,136,570.6,133,570.6,103,570.6,71,570.6,77
572.4,55,572.4,78,572.4,104,572.4,121,572.4,97,572.4,95,572.4,103,572.4,71
574.1,56,574.1,95,574.1,98,574.1,102,574.1,124,574.1,87,574.1,105,574.1,95
575.9,63,575.9,91,575.9,94,575.9,88,575.9,99,575.9,94,575.9,99,575.9,69
577.6,60,577.6,101,577.6,116,577.6,136,577.6,136,577.6,87,577.6,79,577.6,78
579.4,63,579.4,108,579.4,110,579.4,97,579.4,97,579.4,107,579.4,82,579.4,78
581.1,46,581.1,74,581.1,100,581.1,98,581.1,136,581.1,98,581.1,86,581.1,75
582.9,42,582.9,99,582.9,108,582.9,117,582.9,107,582.9,92,582.9,80,582.9,68
584.6,55,584.6,83,584.6,100,584.6,87,584.6,104,584.6,78,584.6,83,584.6,75
586.4,54,586.4,74,586.4,103,586.4,102,586.4,107,586.4,101,586.4,98,586.4,77
588.1,46,588.1,82,588.1,106,588.1,113,588.1,104,588.1,93,588.1,97,588.1,96
589.9,57,589.9,82,589.9,89,589.9,117,589.9,98,589.9,92,589.9,91,589.9,76
591.6,55,591.6,95,591.6,96,591.6,117,591.6,102,591.6,98,591.6,103,591.6,81
593.4,55,593.4,97,593.4,103,593.4,111,593.4,101,593.4,108,593.4,99,593.4,71
595.1,49,595.1,97,595.1,111,595.1,109,595.1,95,595.1,89,595.1,75,595.1,73
596.9,52,596.9,89,596.9,94,596.9,107,596.9,75,596.9,93,596.9,91,596.9,67
598.6,57,598.6,97,598.6,112,598.6,97,598.6,94,598.6,105,598.6,86,598.6,73
600.4,61,600.4,86,600.4,102,600.4,82,600.4,104,600.4,91,600.4,78,600.4,79
602.1,50,602.1,93,602.1,114,602.1,99,602.1,97,602.1,100,602.1,86,602.1,92
603.9,54,603.9,71,603.9,107,603.9,124,603.9,95,603.9,104,603.9,100,603.9,76
605.6,58,605.6,95,605.6,90,605.6,115,605.6,96,605.6,90,605.6,90,605.6,83
607.4,61,607.4,92,607.4,101,607.4,109,607.4,111,607.4,90,607.4,90,607.4,68
609.1,71,609.1,76,609.1,119,609.1,106,609.1,114,609.1,93,609.1,100,609.1,72
610.9,75,610.9,104,610.9,112,610.9,102,610.9,97,610.9,102,610.9,89,610.9,74
612.7,71,612.7,113,612.7,101,612.7,103,612.7,91,612.7,84,612.7,84,612.7,70
614.4,76,614.4,103,614.4,108,614.4,101,614.4,105,614.4,91,614.4,84,614.4,104
616.2,81,616.2,139,616.2,111,616.2,111,616.2,122,616.2,106,616.2,85,616.2,75
617.9,103,617.9,115,617.9,113,617.9,123,617.9,104,617.9,109,617.9,86,617.9,88
619.7,124,619.7,132,619.7,118,619.7,132,619.7,95,619.7,96,619.7,93,619.7,83
621.4,134,621.4,146,621.4,150,621.4,129,621.4,121,621.4,104,621.4,87,621.4,85
623.2,165,623.2,142,623.2,148,623.2,128,623.2,113,623.2,106,623.2,82,623.2,92
624.9,204,624.9,184,624.9,178,624.9,157,624.9,146,624.9,111,624.9,109,624.9,80
626.7,182,626.7,182,626.7,160,626.7,169,626.7,137,626.7,131,626.7,118,626.7,88
628.4,268,628.4,233,628.4,167,628.4,180,628.4,149,628.4,116,628.4,121,628.4,83
630.2,275,630.2,247,630.2,206,630.2,204,630.2,130,630.2,128,630.2,117,630.2,105
631.9,326,631.9,306,631.9,226,631.9,206,631.9,178,631.9,144,631.9,136,631.9,102
633.7,408,633.7,316,633.7,270,633.7,237,633.7,185,633.7,146,633.7,113,633.7,102
635.4,457,635.4,376,635.4,283,635.4,244,635.4,228,635.4,159,635.4,145,635.4,118
637.2,501,637.2,361,637.2,316,637.2,223,637.2,211,637.2,200,637.2,163,637.2,117
638.9,548,638.9,489,638.9,341,638.9,308,638.9,202,638.9,217,638.9,150,638.9,112
640.7,646,640.7,506,640.7,383,640.7,298,640.7,243,640.7,204,640.7,156,640.7,131
642.4,773,642.4,598,642.4,462,642.4,356,642.4,291,642.4,225,642.4,182,642.4,136
644.2,817,644.2,639,644.2,453,644.2,407,644.2,338,644.2,239,644.2,186,644.2,167
645.9,896,645.9,710,645.9,581,645.9,390,645.9,330,645.9,262,645.9,186,645.9,156
647.7,1007,647.7,770,647.7,548,647.7,437,647.7,355,647.7,273,647.7,244,647.7,195
649.4,1012,649.4,780,649.4,655,649.4,566,649.4,387,649.4,301,649.4,258,649.4,191
651.2,1149,651.2,865,651.2,672,651.2,502,651.2,410,651.2,364,651.2,247,651.2,169
652.9,1182,652.9,922,652.9,697,652.9,550,652.9,433,652.9,329,652.9,243,652.9,199
654.7,1281,654.7,984,654.7,812,654.7,600,654.7,496,654.7,387,654.7,256,654.7,193
656.4,1389,656.4,1115,656.4,841,656.4,623,656.4,481,656.4,395,656.4,306,656.4,235
658.2,1460,658.2,1102,658.2,799,658.2,639,658.2,461,658.2,386,658.2,305,658.2,238
659.9,1475,659.9,1094,659.9,890,659.9,642,659.9,484,659.9,389,659.9,311,659.9,222
661.7,1550,661.7,1129,661.7,907,661.7,694,661.7,509,661.7,396,661.7,314,661.7,241
663.4,1664,663.4,1263,663.4,944,663.4,682,663.4,550,663.4,384,663.4,327,663.4,221
665.2,1605,665.2,1218,665.2,937,665.2,745,665.2,536,665.2,414,665.2,332,665.2,261
666.9,1598,666.9,1190,666.9,993,666.9,716,666.9,542,666.9,402,666.9,330,666.9,280
668.7,1498,668.7,1254,668.7,965,668.7,754,668.7,620,668.7,425,668.7,329,668.7,260
670.4,1646,670.4,1262,670.4,899,670.4,723,670.4,532,670.4,398,670.4,326,670.4,258
672.2,1580,672.2,1171,672.2,951,672.2,739,672.2,563,672.2,429,672.2,329,672.2,244
673.9,1534,673.9,1168,673.9,938,673.9,732,673.9,508,673.9,402,673.9,321,673.9,230
675.7,1515,675.7,1149,675.7,880,675.7,653,675.7,487,675.7,406,675.7,278,675.7,251
677.4,1462,677.4,1086,677.4,833,677.4,607,677.4,524,677.4,384,677.4,279,677.4,212
679.2,1364,679.2,1015,679.2,772,679.2,589,679.2,467,679.2,317,679.2,274,679.2,214
680.9,1266,680.9,911,680.9,756,680.9,525,680.9,493,680.9,347,680.9,258,680.9,190
682.7,1230,682.7,899,682.7,721,682.7,526,682.7,408,682.7,311,682.7,237,682.7,177
684.4,1173,684.4,840,684.4,636,684.4,516,684.4,372,684.4,291,684.4,229,684.4,199
686.2,998,686.2,769,686.2,636,686.2,464,686.2,374,686.2,277,686.2,211,686.2,167
687.9,920,687.9,681,687.9,542,687.9,402,687.9,349,687.9,274,687.9,170,687.9,131
689.7,842,689.7,606,689.7,520,689.7,384,689.7,309,689.7,232,689.7,167,689.7,141
691.4,748,691.4,558,691.4,458,691.4,370,691.4,282,691.4,184,691.4,166,691.4,121
693.2,647,693.2,539,693.2,404,693.2,304,693.2,206,693.2,166,693.2,132,693.2,88
694.9,584,694.9,437,694.9,336,694.9,272,694.9,213,694.9,143,694.9,98,694.9,85
696.7,515,696.7,400,696.7,287,696.7,216,696.7,189,696.7,146,696.7,88,696.7,78
698.4,449,698.4,358,698.4,262,698.4,197,698.4,157,698.4,133,698.4,96,698.4,73
700.2,391,700.2,289,700.2,221,700.2,197,700.2,130,700.2,103,700.2,89,700.2,60
701.9,338,701.9,252,701.9,199,701.9,164,701.9,132,701.9,85,701.9,67,701.9,56
703.7,266,703.7,231,703.7,177,703.7,132,703.7,112,703.7,90,703.7,66,703.7,34
705.4,206,705.4,178,705.4,138,705.4,110,705.4,82,705.4,66,705.4,47,705.4,52
707.2,173,707.2,131,707.2,119,707.2,92,707.2,71,707.2,50,707.2,43,707.2,33
708.9,160,708.9,124,708.9,99,708.9,79,708.9,59,708.9,50,708.9,35,708.9,28
710.7,124,710.7,99,710.7,84,710.7,55,710.7,41,710.7,37,710.7,40,710.7,32
712.4,88,712.4,72,712.4,70,712.4,54,712.4,52,712.4,42,712.4,30,712.4,24
714.2,87,714.2,78,714.2,68,714.2,42,714.2,32,714.2,26,714.2,26,714.2,23
715.9,83,715.9,62,715.9,58,715.9,34,715.9,34,715.9,34,715.9,20,715.9,14
717.7,58,717.7,41,717.7,45,717.7,35,717.7,32,717.7,18,717.7,11,717.7,13
719.4,55,719.4,34,719.4,31,719.4,21,719.4,15,719.4,27,719.4,12,719.4,16
721.2,29,721.2,29,721.2,24,721.2,22,721.2,27,721.2,14,721.2,12,721.2,10
722.9,30,722.9,22,722.9,18,722.9,22,722.9,13,722.9,13,722.9,11,722.9,10
724.7,28,724.7,23,724.7,26,724.7,16,724.7,10,724.7,13,724.7,14,724.7,7
726.4,26,726.4,18,726.4,17,726.4,11,726.4,10,726.4,4,726.4,9,726.4,14
728.2,21,728.2,12,728.2,15,728.2,15,728.2,11,728.2,18,728.2,12,728.2,12
729.9,17,729.9,20,729.9,6,729.9,12,729.9,13,729.9,7,729.9,11,729.9,5
731.7,12,731.7,8,731.7,13,731.7,5,731.7,9,731.7,8,731.7,8,731.7,4
733.4,13,733.4,13,733.4,7,733.4,12,733.4,12,733.4,4,733.4,9,733.4,14
735.2,13,735.2,8,735.2,8,735.2,8,735.2,10,735.2,9,735.2,10,735.2,5
736.9,14,736.9,10,736.9,7,736.9,7,736.9,11,736.9,13,736.9,6,736.9,8
738.7,14,738.7,8,738.7,12,738.7,11,738.7,6,738.7,6,738.7,5,738.7,11
740.4,14,740.4,11,740.4,12,740.4,6,740.4,10,740.4,5,740.4,9,740.4,7
742.2,17,742.2,3,742.2,5,742.2,6,742.2,8,742.2,7,742.2,10,742.2,12
743.9,10,743.9,11,743.9,5,743.9,4,743.9,4,743.9,9,743.9,6,743.9,8
745.7,9,745.7,3,745.7,5,745.7,7,745.7,6,745.7,6,745.7,8,745.7,12
747.4,17,747.4,9,747.4,6,747.4,3,747.4,6,747.4,9,747.4,6,747.4,3
749.2,21,749.2,8,749.2,6,749.2,11,749.2,11,749.2,6,749.2,4,749.2,5
750.9,9,750.9,14,750.9,5,750.9,8,750.9,4,750.9,14,750.9,5,750.9,12
752.7,7,752.7,4,752.7,7,752.7,6,752.7,15,752.7,9,752.7,6,752.7,18
754.4,6,754.4,4,754.4,6,754.4,12,754.4,5,754.4,7,754.4,10,754.4,8
756.2,5,756.2,7,756.2,5,756.2,7,756.2,10,756.2,3,756.2,10,756.2,5
757.9,17,757.9,9,757.9,5,757.9,9,757.9,7,757.9,9,757.9,9,757.9,5
759.7,12,759.7,8,759.7,9,759.7,3,759.7,6,759.7,4,759.7,6,759.7,3
761.4,10,761.4,8,761.4,4,761.4,6,761.4,2,761.4,8,761.4,11,761.4,4
763.2,11,763.2,8,763.2,8,763.2,13,763.2,6,763.2,5,763.2,7,763.2,7
764.9,13,764.9,10,764.9,9,764.9,10,764.9,4,764.9,6,764.9,5,764.9,5
766.7,12,766.7,6,766.7,10,766.7,6,766.7,7,766.7,11,766.7,4,766.7,9
768.4,14,768.4,12,768.4,6,768.4,3,768.4,5,768.4,3,768.4,9,768.4,8
770.2,15,770.2,11,770.2,6,770.2,6,770.2,8,770.2,10,770.2,7,770.2,7
771.9,6,771.9,10,771.9,13,771.9,6,771.9,7,771.9,6,771.9,11,771.9,5
773.7,14,773.7,5,773.7,3,773.7,6,773.7,6,773.7,8,773.7,7,773.7,10
775.4,14,775.4,7,775.4,5,775.4,4,775.4,7,775.4,9,775.4,6,775.4,8
777.2,7,777.2,5,777.2,5,777.2,6,777.2,6,777.2,3,777.2,6,777.2,6
778.9,11,778.9,9,778.9,6,778.9,8,778.9,9,778.9,6,778.9,7,778.9,8
780.7,8,780.7,5,780.7,5,780.7,5,780.7,10,780.7,11,780.7,10,780.7,6
782.4,20,782.4,7,782.4,4,782.4,6,782.4,8,782.4,6,782.4,3,782.4,7
784.2,14,784.2,4,784.2,6,784.2,11,784.2,5,784.2,5,784.2,5,784.2,4
785.9,11,785.9,10,785.9,4,785.9,2,785.9,9,785.9,4,785.9,3,785.9,7
787.7,10,787.7,3,787.7,2,787.7,6,787.7,5,787.7,3,787.7,1,787.7,5
789.4,8,789.4,9,789.4,8,789.4,6,789.4,9,789.4,7,789.4,5,789.4,5
791.2,8,791.2,7,791.2,7,791.2,6,791.2,5,791.2,2,791.2,7,791.2,9
792.9,11,792.9,9,792.9,11,792.9,13,792.9,8,792.9,6,792.9,6,792.9,9
794.7,8,794.7,8,794.7,6,794.7,8,794.7,5,794.7,8,794.7,4,794.7,5
796.4,13,796.4,10,796.4,8,796.4,5,796.4,3,796.4,4,796.4,3,796.4,6
798.2,7,798.2,4,798.2,7,798.2,6,798.2,7,798.2,6,798.2,4,798.2,6
799.9,11,799.9,6,799.9,6,799.9,4,799.9,4,799.9,7,799.9,9,799.9,7
801.7,8,801.7,11,801.7,6,801.7,6,801.7,5,801.7,6,801.7,4,801.7,7
803.4,10,803.4,5,803.4,7,803.4,10,803.4,12,803.4,6,803.4,7,803.4,5
805.2,13,805.2,5,805.2,4,805.2,8,805.2,9,805.2,6,805.2,12,805.2,6
806.9,11,806.9,5,806.9,6,806.9,6,806.9,9,806.9,3,806.9,5,806.9,7
808.7,14,808.7,6,808.7,9,808.7,4,808.7,1,808.7,2,808.7,6,808.7,9
810.4,12,810.4,6,810.4,6,810.4,7,810.4,6,810.4,8,810.4,8,810.4,8
812.2,13,812.2,6,812.2,4,812.2,6,812.2,7,812.2,6,812.2,3,812.2,5
813.9,8,813.9,6,813.9,5,813.9,4,813.9,6,813.9,3,813.9,10,813.9,8
815.7,16,815.7,9,815.7,4,815.7,6,815.7,6,815.7,7,815.7,4,815.7,3
817.4,18,817.4,6,817.4,7,817.4,10,817.4,6,817.4,3,817.4,4,817.4,6
819.2,7,819.2,5,819.2,10,819.2,8,819.2,5,819.2,8,819.2,7,819.2,3
820.9,8,820.9,9,820.9,0,820.9,5,820.9,5,820.9,7,820.9,3,820.9,4
822.7,8,822.7,4,822.7,6,822.7,7,822.7,4,822.7,4,822.7,7,822.7,3
824.4,10,824.4,5,824.4,9,824.4,4,824.4,5,824.4,5,824.4,4,824.4,3
826.2,16,826.2,9,826.2,8,826.2,9,826.2,2,826.2,4,826.2,5,826.2,3
827.9,7,827.9,10,827.9,4,827.9,2,827.9,5,827.9,4,827.9,5,827.9,7
829.7,11,829.7,5,829.7,5,829.7,3,829.7,6,829.7,5,829.7,12,829.7,4
831.4,7,831.4,6,831.4,7,831.4,6,831.4,5,831.4,3,831.4,1,831.4,3
833.2,3,833.2,7,833.2,3,833.2,4,833.2,7,833.2,3,833.2,12,833.2,9
834.9,8,834.9,10,834.9,0,834.9,7,834.9,9,834.9,3,834.9,4,834.9,5
836.7,12,836.7,2,836.7,3,836.7,6,836.7,8,836.7,3,836.7,2,836.7,5
838.4,6,838.4,4,838.4,10,838.4,12,838.4,4,838.4,6,838.4,11,838.4,5
840.2,7,840.2,3,840.2,7,840.2,9,840.2,5,840.2,8,840.2,9,840.2,4
841.9,6,841.9,4,841.9,4,841.9,7,841.9,0,841.9,5,841.9,8,841.9,9
843.7,8,843.7,5,843.7,6,843.7,7,843.7,6,843.7,4,843.7,7,843.7,7
845.4,10,845.4,6,845.4,4,845.4,3,845.4,7,845.4,8,845.4,2,845.4,6
847.2,10,847.2,4,847.2,7,847.2,6,847.2,8,847.2,8,847.2,3,847.2,5
848.9,8,848.9,3,848.9,4,848.9,5,848.9,3,848.9,12,848.9,4,848.9,7
850.7,10,850.7,7,850.7,8,850.7,6,850.7,3,850.7,7,850.7,6,850.7,3
852.4,6,852.4,10,852.4,5,852.4,10,852.4,6,852.4,7,852.4,12,852.4,5
854.2,6,854.2,4,854.2,5,854.2,8,854.2,4,854.2,4,854.2,3,854.2,9
855.9,10,855.9,7,855.9,3,855.9,3,855.9,3,855.9,8,855.9,4,855.9,6
857.7,12,857.7,7,857.7,4,857.7,5,857.7,2,857.7,3,857.7,6,857.7,5
859.4,12,859.4,1,859.4,6,859.4,2,859.4,5,859.4,6,859.4,5,859.4,4
861.2,10,861.2,5,861.2,7,861.2,4,861.2,5,861.2,3,861.2,5,861.2,8
863.0,9,863.0,11,863.0,5,863.0,7,863.0,4,863.0,5,863.0,2,863.0,1
864.7,11,864.7,7,864.7,9,864.7,7,864.7,5,864.7,6,864.7,3,864.7,10
866.5,17,866.5,4,866.5,6,866.5,7,866.5,6,866.5,7,866.5,7,866.5,5
868.2,6,868.2,4,868.2,5,868.2,6,868.2,3,868.2,7,868.2,6,868.2,3
870.0,7,870.0,9,870.0,6,870.0,8,870.0,4,870.0,8,870.0,4,870.0,5
871.7,11,871.7,6,871.7,10,871.7,6,871.7,0,871.7,4,871.7,8,871.7,4
873.5,12,873.5,9,873.5,5,873.5,8,873.5,9,873.5,4,873.5,7,873.5,6
875.2,4,875.2,2,875.2,7,875.2,4,875.2,9,875.2,10,875.2,5,875.2,8
877.0,12,877.0,6,877.0,7,877.0,2,877.0,3,877.0,6,877.0,5,877.0,3
878.7,11,878.7,3,878.7,4,878.7,9,878.7,4,878.7,6,878.7,8,878.7,2
880.5,2385,880.5,1810,880.5,1767,880.5,1747,880.5,1726,880.5,1649,880.5,1733,880.5,1779
